epoch,time,train/box_loss,train/cls_loss,train/dfl_loss,metrics/precision(B),metrics/recall(B),metrics/mAP50(B),metrics/mAP50-95(B),val/box_loss,val/cls_loss,val/dfl_loss,lr/pg0,lr/pg1,lr/pg2
1,53.2621,2.14402,3.22845,2.12672,0.00685,0.0252,0.00472,0.00124,3.14141,inf,3.99151,0.000662393,0.000662393,0.000662393
2,98.2953,2.31473,3.1536,2.33402,0.01718,0.02785,0.00497,0.00125,3.35541,16.3307,4.28797,0.00132029,0.00132029,0.00132029
3,142.494,2.20891,3.15968,2.29744,0.01597,0.04509,0.00684,0.00126,3.27804,16.1621,3.33953,0.00196938,0.00196938,0.00196938
4,186.607,2.1348,2.96595,2.20346,0.15975,0.09947,0.05929,0.01843,2.75079,5.32672,2.59404,0.0019604,0.0019604,0.0019604
5,230.933,2.0717,2.80391,2.11103,0.13984,0.18302,0.0871,0.03146,2.35653,3.58058,2.32414,0.0019472,0.0019472,0.0019472
6,274.899,1.96728,2.67289,2.0457,0.19571,0.22679,0.1167,0.04088,2.39784,2.94939,2.33589,0.001934,0.001934,0.001934
7,319.314,1.92059,2.55419,1.98034,0.22624,0.25066,0.14637,0.05208,2.25309,3.29904,2.15354,0.0019208,0.0019208,0.0019208
8,363.413,1.82213,2.41291,1.88819,0.35126,0.2878,0.23667,0.09567,2.15484,2.64049,2.03409,0.0019076,0.0019076,0.0019076
9,407.526,1.81316,2.344,1.88446,0.32451,0.31963,0.25188,0.10139,2.07613,2.52198,1.97864,0.0018944,0.0018944,0.0018944
10,451.738,1.7681,2.2386,1.85395,0.38037,0.37666,0.28533,0.11073,2.05982,2.41167,1.97765,0.0018812,0.0018812,0.0018812
11,496.093,1.7387,2.15903,1.79004,0.419,0.35294,0.30763,0.13334,2.03993,2.37696,1.91569,0.001868,0.001868,0.001868
12,540.04,1.70843,2.09332,1.7787,0.37899,0.39125,0.32775,0.13577,2.05958,2.31007,1.93615,0.0018548,0.0018548,0.0018548
13,583.898,1.6839,2.09909,1.76635,0.4725,0.39523,0.37483,0.15308,1.9691,2.26878,1.87722,0.0018416,0.0018416,0.0018416
14,629.04,1.68919,2.07858,1.76213,0.39794,0.36117,0.32343,0.13314,2.03049,2.44751,1.93961,0.0018284,0.0018284,0.0018284
15,673.623,1.65794,1.97008,1.70464,0.4923,0.46021,0.41114,0.17143,1.9565,2.07889,1.87852,0.0018152,0.0018152,0.0018152
16,718.258,1.63147,1.93646,1.70987,0.47458,0.41512,0.39298,0.17617,1.85835,2.18779,1.82772,0.001802,0.001802,0.001802
17,763.443,1.60863,1.91008,1.67843,0.48225,0.45093,0.41852,0.18086,1.87288,2.07392,1.79278,0.0017888,0.0017888,0.0017888
18,808.823,1.57143,1.82048,1.66617,0.5046,0.46552,0.43466,0.19903,1.8645,1.99389,1.78549,0.0017756,0.0017756,0.0017756
19,853.556,1.58379,1.85056,1.66926,0.49939,0.44695,0.44137,0.20066,1.90287,1.9825,1.8102,0.0017624,0.0017624,0.0017624
20,898.809,1.54589,1.79076,1.64597,0.48748,0.47745,0.44181,0.20702,1.85483,1.91996,1.79532,0.0017492,0.0017492,0.0017492
21,943.594,1.54004,1.75196,1.64168,0.58314,0.5305,0.51665,0.22691,1.83354,1.79185,1.76382,0.001736,0.001736,0.001736
22,988.027,1.54382,1.74923,1.63634,0.50816,0.47138,0.43997,0.20914,1.85365,1.91625,1.80279,0.0017228,0.0017228,0.0017228
23,1032.56,1.53598,1.74929,1.64549,0.57283,0.50265,0.50402,0.24967,1.77553,1.79199,1.71988,0.0017096,0.0017096,0.0017096
24,1077.57,1.48925,1.70653,1.59566,0.56675,0.48806,0.48187,0.22502,1.84893,1.87608,1.75802,0.0016964,0.0016964,0.0016964
25,1122.08,1.49777,1.67043,1.58671,0.55327,0.5504,0.49937,0.23308,1.77656,1.75036,1.72881,0.0016832,0.0016832,0.0016832
26,1166.73,1.47077,1.6735,1.59708,0.61655,0.53448,0.54876,0.26063,1.79834,1.66992,1.73446,0.00167,0.00167,0.00167
27,1211.65,1.47078,1.64735,1.57299,0.59548,0.55703,0.55316,0.26433,1.82233,1.68175,1.75911,0.0016568,0.0016568,0.0016568
28,1256.2,1.44604,1.55894,1.55072,0.59893,0.52255,0.52878,0.24954,1.81577,1.7492,1.72727,0.0016436,0.0016436,0.0016436
29,1300.73,1.44576,1.57617,1.54718,0.60218,0.59682,0.56278,0.29723,1.67961,1.56918,1.65825,0.0016304,0.0016304,0.0016304
30,1345.67,1.41823,1.51942,1.54682,0.5711,0.57427,0.50469,0.24283,1.74214,1.7143,1.75102,0.0016172,0.0016172,0.0016172
31,1390.4,1.43303,1.51102,1.54832,0.61671,0.57427,0.56635,0.2767,1.74266,1.61066,1.68886,0.001604,0.001604,0.001604
32,1435.5,1.39547,1.48181,1.51911,0.65367,0.59076,0.5974,0.30756,1.68674,1.57757,1.64171,0.0015908,0.0015908,0.0015908
33,1480.84,1.40854,1.49546,1.51138,0.66084,0.56366,0.58371,0.29531,1.69299,1.54144,1.65812,0.0015776,0.0015776,0.0015776
34,1526.04,1.39071,1.4483,1.50098,0.65332,0.58488,0.59469,0.30243,1.68616,1.52333,1.65613,0.0015644,0.0015644,0.0015644
35,1570.78,1.37716,1.43723,1.49194,0.67298,0.57162,0.60471,0.31947,1.64836,1.50463,1.61407,0.0015512,0.0015512,0.0015512
36,1615.94,1.3672,1.43876,1.49612,0.61951,0.58355,0.58372,0.30268,1.66909,1.5654,1.6576,0.001538,0.001538,0.001538
37,1661.16,1.34731,1.4213,1.49378,0.63055,0.60345,0.61363,0.31677,1.64839,1.5059,1.63702,0.0015248,0.0015248,0.0015248
38,1706.26,1.34371,1.35597,1.45958,0.65939,0.5854,0.5974,0.32644,1.61743,1.46147,1.6502,0.0015116,0.0015116,0.0015116
39,1751.46,1.33707,1.37184,1.47028,0.63372,0.60345,0.59925,0.32073,1.64399,1.49672,1.6479,0.0014984,0.0014984,0.0014984
40,1796.66,1.34908,1.37304,1.46115,0.63258,0.61538,0.62246,0.32212,1.67318,1.49562,1.63297,0.0014852,0.0014852,0.0014852
41,1842.49,1.34942,1.35754,1.47914,0.66778,0.59019,0.60768,0.321,1.66874,1.53506,1.6373,0.001472,0.001472,0.001472
42,1887.71,1.29992,1.32189,1.44753,0.66914,0.63926,0.6259,0.32723,1.65441,1.48563,1.62407,0.0014588,0.0014588,0.0014588
43,1933.1,1.30297,1.33167,1.435,0.67551,0.58886,0.62325,0.34044,1.59685,1.41517,1.58657,0.0014456,0.0014456,0.0014456
44,1979.03,1.29617,1.29821,1.43821,0.68614,0.62334,0.652,0.35201,1.59803,1.39643,1.58936,0.0014324,0.0014324,0.0014324
45,2024.47,1.27338,1.30272,1.43064,0.6866,0.63395,0.65394,0.35884,1.6038,1.34941,1.59543,0.0014192,0.0014192,0.0014192
46,2069.88,1.26147,1.26801,1.4098,0.69028,0.63926,0.65619,0.35912,1.58922,1.39606,1.59449,0.001406,0.001406,0.001406
47,2116.32,1.24132,1.23149,1.40335,0.7104,0.64742,0.66794,0.35541,1.60161,1.34183,1.58691,0.0013928,0.0013928,0.0013928
48,2161.93,1.27374,1.25719,1.43216,0.62429,0.62365,0.5882,0.31093,1.6551,1.49025,1.65132,0.0013796,0.0013796,0.0013796
49,2208.08,1.25916,1.25756,1.39934,0.69514,0.6502,0.6777,0.36674,1.57153,1.30833,1.57021,0.0013664,0.0013664,0.0013664
50,2254.35,1.23922,1.2007,1.4001,0.72447,0.65119,0.68112,0.37405,1.56963,1.28343,1.56414,0.0013532,0.0013532,0.0013532
51,2300.46,1.22476,1.19838,1.38429,0.70366,0.66762,0.68431,0.37383,1.55267,1.29012,1.5476,0.00134,0.00134,0.00134
52,2346.14,1.23918,1.20243,1.39528,0.72053,0.67109,0.70534,0.39366,1.5201,1.21953,1.54831,0.0013268,0.0013268,0.0013268
53,2391.77,1.2121,1.1838,1.36447,0.72861,0.65872,0.68704,0.3866,1.54431,1.24838,1.54506,0.0013136,0.0013136,0.0013136
54,2437.57,1.19526,1.15575,1.38177,0.6903,0.64147,0.66569,0.36359,1.57936,1.29523,1.57425,0.0013004,0.0013004,0.0013004
55,2482.79,1.18757,1.16692,1.35835,0.70912,0.68435,0.69512,0.38518,1.50139,1.22954,1.50996,0.0012872,0.0012872,0.0012872
56,2528,1.16453,1.11553,1.3363,0.75281,0.65782,0.69578,0.39067,1.53104,1.25625,1.52969,0.001274,0.001274,0.001274
57,2573.22,1.18608,1.1465,1.36582,0.70426,0.64456,0.68119,0.38439,1.49505,1.27841,1.50043,0.0012608,0.0012608,0.0012608
58,2618.4,1.15846,1.08963,1.33999,0.7421,0.62969,0.68007,0.3669,1.57306,1.28278,1.58104,0.0012476,0.0012476,0.0012476
59,2663.26,1.17303,1.11975,1.35626,0.75206,0.62599,0.68789,0.39295,1.51573,1.25564,1.52101,0.0012344,0.0012344,0.0012344
60,2708.45,1.15472,1.093,1.34431,0.74699,0.66446,0.70415,0.40087,1.51489,1.19779,1.52899,0.0012212,0.0012212,0.0012212
61,2754.16,1.15693,1.10592,1.34302,0.73007,0.68302,0.71292,0.41783,1.45026,1.17232,1.48969,0.001208,0.001208,0.001208
62,2799.24,1.14245,1.06973,1.32664,0.68413,0.66313,0.68366,0.3886,1.54948,1.25882,1.56822,0.0011948,0.0011948,0.0011948
63,2844.2,1.13343,1.08298,1.32004,0.75369,0.66578,0.71834,0.40905,1.49606,1.15238,1.50346,0.0011816,0.0011816,0.0011816
64,2889.49,1.14183,1.0758,1.32278,0.73098,0.68832,0.71212,0.41102,1.48636,1.18461,1.51627,0.0011684,0.0011684,0.0011684
65,2934.7,1.14254,1.06197,1.32409,0.77412,0.687,0.74248,0.4264,1.44448,1.1014,1.49716,0.0011552,0.0011552,0.0011552
66,2979.94,1.12737,1.05208,1.31985,0.77869,0.65119,0.72239,0.41621,1.4479,1.15007,1.47744,0.001142,0.001142,0.001142
67,3025.88,1.09309,1.03689,1.28452,0.77378,0.66578,0.73477,0.4302,1.45163,1.125,1.48642,0.0011288,0.0011288,0.0011288
68,3072.2,1.09621,1.00537,1.29792,0.78307,0.66547,0.73021,0.41932,1.49304,1.13459,1.5293,0.0011156,0.0011156,0.0011156
69,3118.22,1.0997,1.01965,1.29847,0.75042,0.66976,0.70879,0.40666,1.47134,1.21017,1.5302,0.0011024,0.0011024,0.0011024
70,3163.87,1.09744,0.98833,1.31249,0.79635,0.64987,0.7271,0.40997,1.46937,1.16616,1.53504,0.0010892,0.0010892,0.0010892
71,3210.46,1.0766,0.99192,1.28185,0.78984,0.68285,0.71961,0.42846,1.44073,1.10341,1.49415,0.001076,0.001076,0.001076
72,3255.31,1.05996,0.97002,1.28316,0.78857,0.68263,0.74182,0.43832,1.44314,1.12091,1.48401,0.0010628,0.0010628,0.0010628
73,3300.82,1.061,0.96063,1.26848,0.74511,0.70424,0.73953,0.43584,1.43884,1.07399,1.46558,0.0010496,0.0010496,0.0010496
74,3346.25,1.07417,0.9569,1.27244,0.77443,0.68435,0.74666,0.43869,1.43786,1.09665,1.48051,0.0010364,0.0010364,0.0010364
75,3391.85,1.02015,0.93222,1.25106,0.75303,0.6915,0.7361,0.42465,1.45192,1.10063,1.50046,0.0010232,0.0010232,0.0010232
76,3437.02,1.03747,0.96002,1.26519,0.77417,0.69107,0.72073,0.41702,1.44983,1.14912,1.49619,0.00101,0.00101,0.00101
77,3482.28,1.03466,0.93712,1.24829,0.80171,0.69171,0.74953,0.44532,1.4235,1.06997,1.4594,0.0009968,0.0009968,0.0009968
78,3527.84,1.05208,0.93172,1.26953,0.82414,0.68435,0.75142,0.43569,1.4366,1.05987,1.48462,0.0009836,0.0009836,0.0009836
79,3572.91,1.0292,0.93518,1.25988,0.79609,0.69385,0.75196,0.44344,1.41714,1.06488,1.48237,0.0009704,0.0009704,0.0009704
80,3618.13,1.00365,0.95203,1.24294,0.80545,0.67241,0.74863,0.44505,1.41202,1.05002,1.46627,0.0009572,0.0009572,0.0009572
81,3663.82,1.02178,0.88629,1.24208,0.82024,0.70201,0.75351,0.44936,1.42028,1.0448,1.44694,0.000944,0.000944,0.000944
82,3709.3,1.02477,0.91463,1.24616,0.83992,0.69761,0.75572,0.45515,1.39654,1.05898,1.46107,0.0009308,0.0009308,0.0009308
83,3754.86,0.99367,0.8726,1.21529,0.79524,0.73342,0.75853,0.45767,1.3831,1.02924,1.45188,0.0009176,0.0009176,0.0009176
84,3800.48,0.98715,0.86659,1.22345,0.80679,0.71088,0.74596,0.44481,1.40131,1.05015,1.45564,0.0009044,0.0009044,0.0009044
85,3846.64,1.00487,0.86197,1.23533,0.821,0.69231,0.76346,0.46202,1.38756,1.03534,1.46463,0.0008912,0.0008912,0.0008912
86,3893.03,0.98782,0.8632,1.22764,0.82139,0.69231,0.76823,0.46912,1.37023,1.01572,1.43706,0.000878,0.000878,0.000878
87,3939.36,0.95562,0.85357,1.20714,0.84715,0.68568,0.75878,0.4493,1.40643,1.02281,1.46845,0.0008648,0.0008648,0.0008648
88,3985.73,0.96747,0.85362,1.20741,0.77685,0.70822,0.7421,0.44875,1.40396,1.02134,1.46178,0.0008516,0.0008516,0.0008516
89,4031.68,0.97145,0.84966,1.21704,0.81927,0.70944,0.76924,0.46176,1.37578,1.00815,1.44394,0.0008384,0.0008384,0.0008384
90,4077.04,0.95994,0.82388,1.20873,0.83987,0.70159,0.78107,0.47276,1.35823,0.9916,1.43224,0.0008252,0.0008252,0.0008252
91,4122.58,0.96924,0.84608,1.21982,0.80619,0.70063,0.76323,0.46253,1.37589,1.02201,1.45483,0.000812,0.000812,0.000812
92,4168.42,0.95453,0.85413,1.21839,0.81117,0.71883,0.76397,0.46458,1.36831,0.99822,1.45824,0.0007988,0.0007988,0.0007988
93,4213.76,0.93942,0.82909,1.1913,0.83085,0.70557,0.76653,0.46004,1.39161,1.00864,1.46994,0.0007856,0.0007856,0.0007856
94,4259.03,0.94702,0.81683,1.19647,0.8271,0.71353,0.77218,0.47405,1.35609,0.9943,1.43248,0.0007724,0.0007724,0.0007724
95,4304.54,0.9748,0.85023,1.21631,0.81308,0.72115,0.77415,0.46597,1.362,0.99955,1.44758,0.0007592,0.0007592,0.0007592
96,4349.31,0.95453,0.84888,1.20505,0.83381,0.72546,0.782,0.47109,1.35704,0.97993,1.44325,0.000746,0.000746,0.000746
97,4394.4,0.94117,0.81025,1.19757,0.81935,0.71584,0.76334,0.46739,1.35231,0.99915,1.4324,0.0007328,0.0007328,0.0007328
98,4439.93,0.92439,0.79508,1.18199,0.83611,0.70822,0.76434,0.46426,1.37354,0.96685,1.46821,0.0007196,0.0007196,0.0007196
99,4485.73,0.90977,0.78128,1.174,0.82816,0.72281,0.77522,0.47539,1.34397,0.96442,1.4168,0.0007064,0.0007064,0.0007064
100,4531.67,0.91006,0.7757,1.18292,0.83242,0.70557,0.7644,0.46951,1.34996,0.99329,1.42061,0.0006932,0.0006932,0.0006932
101,4578.04,0.89861,0.77216,1.17215,0.84664,0.71353,0.77932,0.47778,1.34885,0.95758,1.43771,0.00068,0.00068,0.00068
102,4624.38,0.89528,0.77683,1.17554,0.83207,0.72414,0.78173,0.48875,1.32953,0.92961,1.41261,0.0006668,0.0006668,0.0006668
103,4670.43,0.91096,0.76267,1.16508,0.84217,0.72812,0.77542,0.48264,1.31809,0.94603,1.40739,0.0006536,0.0006536,0.0006536
104,4716.08,0.89487,0.78019,1.17265,0.8114,0.73608,0.78634,0.48567,1.33441,0.94776,1.42911,0.0006404,0.0006404,0.0006404
105,4761.76,0.89188,0.7656,1.1662,0.81849,0.73562,0.78691,0.4839,1.34757,0.95008,1.43093,0.0006272,0.0006272,0.0006272
106,4807.2,0.88436,0.73752,1.15981,0.82901,0.73873,0.7802,0.48915,1.32268,0.92368,1.42054,0.000614,0.000614,0.000614
107,4852.32,0.87029,0.75542,1.15807,0.82295,0.74005,0.77933,0.48833,1.31363,0.91807,1.41407,0.0006008,0.0006008,0.0006008
108,4897.48,0.88374,0.75751,1.16351,0.84651,0.73146,0.79523,0.49388,1.32412,0.9117,1.41421,0.0005876,0.0005876,0.0005876
109,4943.17,0.86753,0.76372,1.14952,0.85819,0.7143,0.78464,0.49136,1.32275,0.91731,1.41208,0.0005744,0.0005744,0.0005744
110,4988.27,0.87086,0.74444,1.16413,0.84977,0.73475,0.79374,0.49951,1.32318,0.92719,1.42182,0.0005612,0.0005612,0.0005612
111,5033.55,0.84755,0.72459,1.15311,0.84517,0.72281,0.78484,0.49772,1.31239,0.91841,1.41003,0.000548,0.000548,0.000548
112,5078.98,0.83965,0.72476,1.13839,0.81834,0.76473,0.7957,0.50283,1.29278,0.91414,1.40545,0.0005348,0.0005348,0.0005348
113,5124.3,0.83207,0.706,1.12289,0.86661,0.72016,0.78889,0.50311,1.31015,0.90596,1.40832,0.0005216,0.0005216,0.0005216
114,5169.95,0.85378,0.71408,1.14809,0.86243,0.71502,0.78568,0.50714,1.29046,0.92237,1.39462,0.0005084,0.0005084,0.0005084
115,5216.12,0.83997,0.71165,1.14065,0.86335,0.72149,0.78358,0.50115,1.30538,0.92312,1.40058,0.0004952,0.0004952,0.0004952
116,5262.31,0.83151,0.69943,1.12561,0.87357,0.72679,0.7839,0.49934,1.30668,0.90413,1.40552,0.000482,0.000482,0.000482
117,5307.93,0.84213,0.6996,1.13224,0.82218,0.75464,0.78453,0.49867,1.31361,0.90547,1.41074,0.0004688,0.0004688,0.0004688
118,5353.5,0.80966,0.74208,1.11624,0.86031,0.71883,0.78843,0.50046,1.30014,0.91012,1.41927,0.0004556,0.0004556,0.0004556
119,5398.65,0.80808,0.66753,1.12313,0.85237,0.73475,0.78749,0.5007,1.29733,0.91155,1.40894,0.0004424,0.0004424,0.0004424
120,5443.47,0.82573,0.71736,1.1346,0.83042,0.74038,0.78699,0.49941,1.2967,0.91533,1.41557,0.0004292,0.0004292,0.0004292
121,5488.39,0.80394,0.67639,1.12697,0.83058,0.7347,0.78148,0.49847,1.28387,0.90665,1.40292,0.000416,0.000416,0.000416
122,5533.82,0.79065,0.65263,1.11104,0.8499,0.72149,0.79143,0.50451,1.28415,0.90628,1.39229,0.0004028,0.0004028,0.0004028
123,5579,0.79969,0.67848,1.1219,0.8332,0.742,0.79492,0.50214,1.29373,0.91488,1.39896,0.0003896,0.0003896,0.0003896
124,5624.16,0.80809,0.67947,1.11241,0.82628,0.74801,0.79049,0.50334,1.2958,0.90309,1.39441,0.0003764,0.0003764,0.0003764
125,5669.49,0.77033,0.64826,1.09713,0.86294,0.73077,0.79813,0.50934,1.28612,0.89715,1.3956,0.0003632,0.0003632,0.0003632
126,5715.11,0.78815,0.64495,1.0984,0.8476,0.73765,0.7969,0.51426,1.28271,0.86667,1.40581,0.00035,0.00035,0.00035
127,5760.89,0.80205,0.68279,1.12028,0.82865,0.74934,0.79586,0.5127,1.2807,0.88097,1.39954,0.0003368,0.0003368,0.0003368
128,5806.44,0.77637,0.62835,1.09738,0.80664,0.76923,0.80595,0.51912,1.27338,0.8654,1.39306,0.0003236,0.0003236,0.0003236
129,5853.41,0.75323,0.63045,1.10329,0.86587,0.73342,0.80074,0.51506,1.27161,0.87347,1.39494,0.0003104,0.0003104,0.0003104
130,5899.15,0.76849,0.63545,1.10256,0.8545,0.73996,0.79589,0.51324,1.27857,0.87835,1.40148,0.0002972,0.0002972,0.0002972
131,5946.9,0.81684,0.56693,1.07727,0.85001,0.72414,0.79393,0.51479,1.27593,0.87533,1.41442,0.000284,0.000284,0.000284
132,5992.23,0.77994,0.55135,1.05646,0.85942,0.72944,0.79343,0.51626,1.27694,0.87409,1.4195,0.0002708,0.0002708,0.0002708
133,6037.35,0.78166,0.53141,1.05114,0.85807,0.73342,0.80455,0.52031,1.27035,0.86327,1.40851,0.0002576,0.0002576,0.0002576
134,6082.49,0.76993,0.52305,1.04588,0.8604,0.73077,0.80212,0.52167,1.2649,0.87817,1.4085,0.0002444,0.0002444,0.0002444
135,6127.84,0.76358,0.52194,1.04353,0.86316,0.74536,0.7998,0.52061,1.26273,0.87766,1.39696,0.0002312,0.0002312,0.0002312
136,6173.14,0.76441,0.51916,1.04484,0.83942,0.75568,0.79139,0.51858,1.25748,0.86391,1.39861,0.000218,0.000218,0.000218
137,6218.23,0.75572,0.4955,1.02991,0.82857,0.77188,0.79982,0.52222,1.26326,0.85894,1.41099,0.0002048,0.0002048,0.0002048
138,6263.56,0.73713,0.49977,1.02701,0.87424,0.73475,0.8088,0.52702,1.25825,0.86267,1.39668,0.0001916,0.0001916,0.0001916
139,6309.03,0.73222,0.50185,1.02754,0.83613,0.75116,0.80464,0.52657,1.25527,0.85492,1.41271,0.0001784,0.0001784,0.0001784
140,6354.45,0.73217,0.49015,1.02563,0.84186,0.74536,0.79853,0.52202,1.26478,0.86526,1.42025,0.0001652,0.0001652,0.0001652
141,6399.43,0.7371,0.4945,1.04592,0.81488,0.75862,0.80042,0.52,1.25812,0.86557,1.41272,0.000152,0.000152,0.000152
142,6444.62,0.71851,0.49074,1.00868,0.84876,0.75066,0.80678,0.52447,1.25457,0.87403,1.40889,0.0001388,0.0001388,0.0001388
143,6490.22,0.71228,0.4815,1.01051,0.8335,0.75689,0.80446,0.52874,1.24813,0.8624,1.39256,0.0001256,0.0001256,0.0001256
144,6535.4,0.7111,0.47336,1.01491,0.83955,0.7703,0.81176,0.53354,1.24932,0.85272,1.39985,0.0001124,0.0001124,0.0001124
145,6581.2,0.7029,0.47815,1.009,0.82867,0.76335,0.80843,0.52953,1.24848,0.85114,1.40827,9.92e-05,9.92e-05,9.92e-05
146,6626.79,0.70298,0.48348,1.00306,0.84157,0.7538,0.80722,0.52918,1.24779,0.85219,1.41067,8.6e-05,8.6e-05,8.6e-05
147,6671.91,0.68263,0.46511,0.99089,0.84561,0.75199,0.80468,0.52977,1.24626,0.859,1.4078,7.28e-05,7.28e-05,7.28e-05
148,6717.1,0.69987,0.49068,1.00068,0.8402,0.74668,0.80255,0.53244,1.24131,0.8541,1.40463,5.96e-05,5.96e-05,5.96e-05
149,6762.42,0.68414,0.4646,0.99399,0.83004,0.75862,0.80509,0.53392,1.23868,0.84625,1.40279,4.64e-05,4.64e-05,4.64e-05
150,6808.13,0.66681,0.46609,0.98161,0.83798,0.75729,0.80869,0.53502,1.23814,0.84414,1.39822,3.32e-05,3.32e-05,3.32e-05
