epoch,time,train/box,train/cls,train/dfl,metrics/precision(B),metrics/recall(B),metrics/mAP50(B),metrics/mAP50-95(B),val/box,val/cls,val/dfl,lr/pg0,lr/pg1,lr/pg2
1,18.4292,3.85222,7.61496,3.46298,0,0,0,0,4.29818,4.95852,3.19969,0.000548543,0.000548543,0.000548543
2,35.1683,3.6682,7.22989,3.08729,0,0,0,0,4.07335,5.20731,3.27766,0.00109328,0.00109328,0.00109328
3,51.6545,3.57849,6.96537,2.9432,0.00284,0.04,0.00155,0.00046,4.30929,19.5914,3.59781,0.00162701,0.00162701,0.00162701
4,68.3584,3.61802,6.87237,2.88879,0,0,0,0,3.76104,5.28663,3.12679,0.00161749,0.00161749,0.00161749
5,84.7629,3.51756,6.82157,2.76838,0,0,0,0,3.73432,5.89436,3.1168,0.00160099,0.00160099,0.00160099
6,101.476,3.42554,6.79458,2.72085,0.01064,0.04,0.00566,0.00057,3.70468,5.31399,3.63972,0.00158448,0.00158448,0.00158448
7,118.328,3.26665,6.75955,2.62809,0,0,0,0,3.40919,5.19366,2.99747,0.00156798,0.00156798,0.00156798
8,135.096,3.17927,6.78463,2.58043,0,0,0,0,3.7253,5.26789,3.27677,0.00155148,0.00155148,0.00155148
9,151.747,3.1833,6.68706,2.5598,0,0,0,0,3.58252,5.27385,3.22313,0.00153497,0.00153497,0.00153497
10,168.657,3.03124,6.75671,2.49339,0,0,0,0,3.2299,5.24902,2.926,0.00151847,0.00151847,0.00151847
11,185.63,2.98693,6.60733,2.45232,0,0,0,0,3.47468,5.20391,2.834,0.00150197,0.00150197,0.00150197
12,202.397,2.92714,6.57037,2.39755,0,0,0,0,3.31755,5.33565,3.06616,0.00148546,0.00148546,0.00148546
13,219.134,2.89094,6.55818,2.31349,0,0,0,0,3.42829,5.41237,3.66857,0.00146896,0.00146896,0.00146896
14,236.054,2.863,6.54672,2.29909,0,0,0,0,3.18829,5.27838,3.06157,0.00145246,0.00145246,0.00145246
15,253.088,2.81401,6.57908,2.27813,0,0,0,0,3.25147,5.30464,2.80429,0.00143595,0.00143595,0.00143595
16,270.215,2.74138,6.52008,2.29093,0,0,0,0,3.39164,5.74818,2.88644,0.00141945,0.00141945,0.00141945
17,287.054,2.81042,6.6123,2.29719,0,0,0,0,3.34604,5.42471,2.84864,0.00140295,0.00140295,0.00140295
18,304.104,2.74347,6.58811,2.186,0,0,0,0,3.2036,5.2955,2.67225,0.00138644,0.00138644,0.00138644
19,321.134,2.70504,6.53187,2.12057,0,0,0,0,3.23479,5.39199,2.74822,0.00136994,0.00136994,0.00136994
20,338.393,2.70413,6.48202,2.17087,0,0,0,0,3.28145,5.40145,2.721,0.00135344,0.00135344,0.00135344
21,355.105,2.62617,6.51677,2.12278,0,0,0,0,3.15557,5.23584,2.77897,0.00133693,0.00133693,0.00133693
22,372.15,2.64884,6.37287,2.17527,0,0,0,0,3.39115,5.30372,2.98271,0.00132043,0.00132043,0.00132043
23,389.042,2.63327,6.37691,2.13215,0,0,0,0,3.14943,5.31376,2.78508,0.00130393,0.00130393,0.00130393
24,406.143,2.57816,6.32965,2.08712,0,0,0,0,3.1947,5.84624,2.81239,0.00128742,0.00128742,0.00128742
25,423.092,2.51929,6.3578,2.03072,0,0,0,0,3.26197,5.18487,2.88461,0.00127092,0.00127092,0.00127092
26,440.296,2.53746,6.30229,2.00606,0,0,0,0,3.17089,5.17845,2.88708,0.00125442,0.00125442,0.00125442
27,457.529,2.587,6.35803,2.01109,0.02326,0.04,0.01249,0.00125,3.16448,5.14166,2.75229,0.00123791,0.00123791,0.00123791
28,474.634,2.43687,6.21051,1.97158,0,0,0,0,3.14644,5.18843,2.72778,0.00122141,0.00122141,0.00122141
29,491.617,2.45823,6.2874,1.95194,0,0,0,0,2.83806,5.09776,2.45751,0.00120491,0.00120491,0.00120491
30,508.544,2.41792,6.23826,1.93831,0,0,0,0,2.87978,5.20619,2.50995,0.0011884,0.0011884,0.0011884
31,525.766,2.46628,6.30242,2.00477,0,0,0,0,2.7686,5.27689,2.61081,0.0011719,0.0011719,0.0011719
32,542.961,2.46176,6.31923,1.95974,0,0,0,0,2.97383,5.2371,2.71321,0.0011554,0.0011554,0.0011554
33,560.025,2.46642,6.37044,1.97245,0,0,0,0,3.01869,5.3087,2.83759,0.00113889,0.00113889,0.00113889
34,577.078,2.39413,6.30106,1.92385,0,0,0,0,2.89378,5.51871,2.7494,0.00112239,0.00112239,0.00112239
35,594.371,2.40352,6.21934,1.89196,0,0,0,0,2.86166,5.55671,2.68677,0.00110589,0.00110589,0.00110589
36,611.716,2.32669,6.22021,1.88247,0,0,0,0,2.88561,5.25462,2.58377,0.00108938,0.00108938,0.00108938
37,628.68,2.34147,6.20822,1.94001,0,0,0,0,2.82737,5.23762,2.52446,0.00107288,0.00107288,0.00107288
38,645.884,2.36879,6.20796,1.89126,0,0,0,0,2.89536,5.29257,2.63847,0.00105638,0.00105638,0.00105638
39,662.938,2.31578,6.27416,1.86463,0,0,0,0,2.77329,5.25457,2.52248,0.00103987,0.00103987,0.00103987
40,680.193,2.30965,6.16301,1.87288,0,0,0,0,2.70111,5.22762,2.40511,0.00102337,0.00102337,0.00102337
41,697.455,2.31039,6.14616,1.85223,0,0,0,0,2.69691,5.2778,2.45992,0.00100687,0.00100687,0.00100687
42,714.389,2.28338,6.23525,1.86011,0,0,0,0,2.76173,5.27501,2.47589,0.000990365,0.000990365,0.000990365
43,731.714,2.28931,6.26536,1.83586,0,0,0,0,2.87396,5.26095,2.59405,0.000973861,0.000973861,0.000973861
44,748.875,2.3063,6.2077,1.84254,0,0,0,0,2.88689,5.23138,2.53787,0.000957358,0.000957358,0.000957358
45,765.954,2.2784,6.17173,1.86271,0,0,0,0,2.89201,5.2094,2.66616,0.000940855,0.000940855,0.000940855
46,782.966,2.2689,6.19333,1.78605,0,0,0,0,2.81325,5.25675,2.50497,0.000924352,0.000924352,0.000924352
47,800.225,2.26007,6.2252,1.86082,0,0,0,0,2.87314,5.28489,2.59001,0.000907848,0.000907848,0.000907848
48,817.308,2.19252,6.21078,1.786,0,0,0,0,2.839,5.27906,2.58939,0.000891345,0.000891345,0.000891345
49,834.591,2.23126,6.18093,1.8444,0,0,0,0,2.68339,5.25495,2.44946,0.000874842,0.000874842,0.000874842
50,851.799,2.23712,6.13216,1.78872,0,0,0,0,2.56608,5.19634,2.44941,0.000858338,0.000858338,0.000858338
51,869.142,2.18566,6.19614,1.77671,0,0,0,0,2.66013,5.14996,2.40442,0.000841835,0.000841835,0.000841835
52,886.638,2.1633,6.16298,1.75273,1,0.04,0.52,0.208,2.77312,5.17645,2.54775,0.000825332,0.000825332,0.000825332
53,904.071,2.10723,6.11983,1.71629,0,0,0,0,2.7809,5.19386,2.59505,0.000808828,0.000808828,0.000808828
54,921.292,2.10603,6.08021,1.72269,0,0,0,0,2.58033,5.21597,2.49584,0.000792325,0.000792325,0.000792325
55,938.563,2.11845,6.13778,1.73692,0,0,0,0,2.80175,5.30325,2.56085,0.000775822,0.000775822,0.000775822
56,955.268,2.07452,6.10151,1.6904,0,0,0,0,2.81525,5.21452,2.53807,0.000759318,0.000759318,0.000759318
57,972.318,2.13731,6.23831,1.70302,0,0,0,0,2.7921,5.24612,2.46902,0.000742815,0.000742815,0.000742815
58,989.339,2.04947,6.08946,1.66188,0,0,0,0,2.8575,5.22595,2.53984,0.000726312,0.000726312,0.000726312
59,1008.24,2.06124,6.0668,1.68125,0,0,0,0,2.77512,5.26858,2.47292,0.000709809,0.000709809,0.000709809
60,1026.13,2.07416,6.0316,1.67782,0,0,0,0,2.70414,5.25449,2.43592,0.000693305,0.000693305,0.000693305
61,1043.77,2.08612,6.00992,1.67705,0,0,0,0,2.60335,5.26234,2.45843,0.000676802,0.000676802,0.000676802
62,1063.22,2.08186,6.09098,1.65048,0,0,0,0,2.76254,5.24309,2.58244,0.000660299,0.000660299,0.000660299
63,1085.02,2.05603,6.08485,1.68778,0,0,0,0,2.65991,5.1946,2.47364,0.000643795,0.000643795,0.000643795
64,1106.48,2.02861,6.04398,1.66238,0,0,0,0,2.69327,5.18227,2.41606,0.000627292,0.000627292,0.000627292
65,1127.8,2.0719,6.10688,1.67666,0,0,0,0,2.60132,5.14947,2.37598,0.000610789,0.000610789,0.000610789
66,1149.49,2.02979,6.06475,1.60723,0,0,0,0,2.60822,5.14286,2.47306,0.000594286,0.000594286,0.000594286
67,1170.85,1.9833,6.02941,1.57479,0,0,0,0,2.65084,5.16883,2.41013,0.000577782,0.000577782,0.000577782
68,1192.15,1.96849,6.08154,1.59067,0,0,0,0,2.69986,5.16137,2.41592,0.000561279,0.000561279,0.000561279
69,1213.56,1.94204,6.02065,1.57095,0,0,0,0,2.71998,5.19835,2.40377,0.000544776,0.000544776,0.000544776
70,1234.96,1.95348,6.03583,1.56157,0,0,0,0,2.68217,5.27318,2.39978,0.000528272,0.000528272,0.000528272
71,1256.1,1.98689,5.95716,1.61049,0,0,0,0,2.62468,5.2779,2.41698,0.000511769,0.000511769,0.000511769
72,1277.61,1.94613,5.98632,1.57408,0,0,0,0,2.59041,5.20712,2.35479,0.000495266,0.000495266,0.000495266
73,1299.23,1.94781,6.07618,1.57867,0,0,0,0,2.44467,5.18373,2.23311,0.000478762,0.000478762,0.000478762
74,1320.44,1.92332,5.96878,1.56488,0,0,0,0,2.51622,5.21398,2.27668,0.000462259,0.000462259,0.000462259
75,1341.92,1.93487,5.95823,1.55956,0,0,0,0,2.66889,5.2128,2.39628,0.000445756,0.000445756,0.000445756
76,1363,1.93251,6.00536,1.53353,0,0,0,0,2.59102,5.19381,2.38312,0.000429253,0.000429253,0.000429253
77,1384.2,1.94462,5.95181,1.55096,0,0,0,0,2.62281,5.26714,2.41254,0.000412749,0.000412749,0.000412749
78,1402.12,1.94138,5.9666,1.5604,0,0,0,0,2.51612,5.19797,2.29195,0.000396246,0.000396246,0.000396246
79,1423.81,1.90621,5.96742,1.53654,0,0,0,0,2.59458,5.23906,2.36891,0.000379743,0.000379743,0.000379743
80,1443.58,1.86786,5.99559,1.51635,0,0,0,0,2.5482,5.29526,2.3595,0.000363239,0.000363239,0.000363239
81,1460.85,1.91148,6.00728,1.57806,0,0,0,0,2.47071,5.28708,2.31495,0.000346736,0.000346736,0.000346736
82,1477.95,1.9208,6.00106,1.58775,0,0,0,0,2.44955,5.23757,2.31752,0.000330233,0.000330233,0.000330233
83,1494.96,1.91983,6.037,1.54134,0,0,0,0,2.42987,5.26916,2.27605,0.000313729,0.000313729,0.000313729
84,1511.99,1.91026,5.92757,1.54254,0,0,0,0,2.44275,5.24472,2.2862,0.000297226,0.000297226,0.000297226
85,1529.05,1.95479,5.98616,1.54986,0,0,0,0,2.49286,5.2194,2.31458,0.000280723,0.000280723,0.000280723
86,1546.24,1.84138,5.8896,1.50978,0,0,0,0,2.55358,5.26516,2.37843,0.00026422,0.00026422,0.00026422
87,1563.4,1.84159,5.92208,1.48296,0,0,0,0,2.58796,5.23967,2.41143,0.000247716,0.000247716,0.000247716
88,1580.56,1.84517,5.94837,1.48685,0,0,0,0,2.5024,5.22574,2.33838,0.000231213,0.000231213,0.000231213
89,1597.92,1.85601,5.92037,1.49509,0,0,0,0,2.53714,5.21793,2.3772,0.00021471,0.00021471,0.00021471
90,1614.92,1.82508,5.8861,1.48791,0,0,0,0,2.54832,5.18228,2.32594,0.000198206,0.000198206,0.000198206
91,1631.7,1.88413,6.37748,1.54093,0,0,0,0,2.5213,5.15193,2.3272,0.000181703,0.000181703,0.000181703
92,1648.26,1.85388,6.32437,1.51463,0,0,0,0,2.39372,5.16843,2.2484,0.0001652,0.0001652,0.0001652
93,1664.69,1.87016,6.37885,1.55328,0,0,0,0,2.3723,5.13252,2.22003,0.000148696,0.000148696,0.000148696
94,1681.21,1.78575,6.24703,1.45771,0,0,0,0,2.46705,5.11886,2.2817,0.000132193,0.000132193,0.000132193
95,1698.03,1.78106,6.22721,1.50672,0,0,0,0,2.50744,5.10696,2.31346,0.00011569,0.00011569,0.00011569
96,1714.77,1.74472,6.30067,1.45668,0,0,0,0,2.51445,5.10206,2.30874,9.91865e-05,9.91865e-05,9.91865e-05
97,1731.41,1.82072,6.25455,1.48518,0,0,0,0,2.39864,5.11085,2.24952,8.26832e-05,8.26832e-05,8.26832e-05
98,1748.03,1.78513,6.26141,1.47879,0,0,0,0,2.38535,5.1055,2.23663,6.61799e-05,6.61799e-05,6.61799e-05
99,1764.73,1.77091,6.24088,1.48476,0,0,0,0,2.38628,5.12937,2.22796,4.96766e-05,4.96766e-05,4.96766e-05
100,1781.47,1.78658,6.2705,1.47944,0,0,0,0,2.40464,5.13008,2.22064,3.31733e-05,3.31733e-05,3.31733e-05
